"query","function_calls","full_response","error"
"Update the status of Cameron Anderson to qualified in the crm","['customer_relationship_manager.search_customers.func(customer_name=""Cameron Anderson"")', 'customer_relationship_manager.update_customer.func(customer_id=""00000048"", field=""status"", new_value=""Qualified"")']","{""query"": ""Update the status of Cameron Anderson to qualified in the crm"", ""worker_responses"": [""[customer_relationship_manager] Done! I've updated **Cameron Anderson's** CRM status from **\""Won\""** to **\""Qualified\""**. \n\nHere's a summary of the record:\n- **Customer ID:** 00000048\n- **Email:** cameron.anderson@quantedgesecurity\n- **Product Interest:** Services\n- **Assigned To:** sofia.santos@atlas.com\n- **Status:** ✅ Qualified (updated)\n- **Last Contact:** 2023-10-14\n- **Follow-up By:** 2023-11-13""], ""final_summary"": ""Done! I've updated **Cameron Anderson's** CRM status from **\""Won\""** to **\""Qualified\""**. \n\nHere's a summary of the record:\n- **Customer ID:** 00000048\n- **Email:** cameron.anderson@quantedgesecurity\n- **Product Interest:** Services\n- **Assigned To:** sofia.santos@atlas.com\n- **Status:** ✅ Qualified (updated)\n- **Last Contact:** 2023-10-14\n- **Follow-up By:** 2023-11-13""}",""
"Update the status of Riley Brown to proposal in the crm","['customer_relationship_manager.search_customers.func(customer_name=""Riley Brown"")', 'customer_relationship_manager.update_customer.func(customer_id=""00000169"", field=""status"", new_value=""Proposal"")']","{""query"": ""Update the status of Riley Brown to proposal in the crm"", ""worker_responses"": [""[customer_relationship_manager] Done! I've updated **Riley Brown** in the CRM:\n\n- **Customer ID:** 00000169\n- **Previous Status:** Won → **New Status: Proposal**\n- **Assigned to:** lena.schmidt@atlas.com\n- **Product Interest:** Software\n\nThe record has been updated successfully.""], ""final_summary"": ""Done! I've updated **Riley Brown** in the CRM:\n\n- **Customer ID:** 00000169\n- **Previous Status:** Won → **New Status: Proposal**\n- **Assigned to:** lena.schmidt@atlas.com\n- **Product Interest:** Software\n\nThe record has been updated successfully.""}",""
"Update the status of Jessie Thomas to won in the crm","['customer_relationship_manager.search_customers.func(customer_name=""Jessie Thomas"")', 'customer_relationship_manager.update_customer.func(customer_id=""00000149"", field=""status"", new_value=""Won"")']","{""query"": ""Update the status of Jessie Thomas to won in the crm"", ""worker_responses"": [""[customer_relationship_manager] Done! Here's a summary of what I did:\n\n- **Customer:** Jessie Thomas\n- **Previous Status:** Lead\n- **New Status:** ✅ **Won**\n- **Customer ID:** 00000149\n\nThe status has been updated successfully in the CRM. Jessie Thomas is now marked as a won customer.""], ""final_summary"": ""Done! Here's a summary of what I did:\n\n- **Customer:** Jessie Thomas\n- **Previous Status:** Lead\n- **New Status:** ✅ **Won**\n- **Customer ID:** 00000149\n\nThe status has been updated successfully in the CRM. Jessie Thomas is now marked as a won customer.""}",""
"Quinn Thomas has moved to lead status. Can you update that in the crm?","['customer_relationship_manager.search_customers.func(customer_name=""Quinn Thomas"")', 'customer_relationship_manager.update_customer.func(customer_id=""00000041"", field=""status"", new_value=""Lead"")']","{""query"": ""Quinn Thomas has moved to lead status. Can you update that in the crm?"", ""worker_responses"": [""[customer_relationship_manager] Done! Quinn Thomas's status has been updated from **Proposal** to **Lead** in the CRM. Here's a summary of the record:\n\n| Field | Value |\n|-------|-------|\n| **Customer ID** | 00000041 |\n| **Name** | Quinn Thomas |\n| **Email** | quinn.thomas@tracebiotech |\n| **Status** | ✅ **Lead** (updated) |\n| **Assigned To** | akira.sato@atlas.com |\n| **Product Interest** | Services |""], ""final_summary"": ""Done! Quinn Thomas's status has been updated from **Proposal** to **Lead** in the CRM. Here's a summary of the record:\n\n| Field | Value |\n|-------|-------|\n| **Customer ID** | 00000041 |\n| **Name** | Quinn Thomas |\n| **Email** | quinn.thomas@tracebiotech |\n| **Status** | ✅ **Lead** (updated) |\n| **Assigned To** | akira.sato@atlas.com |\n| **Product Interest** | Services |""}",""
"Update the status of Quinn Harris to won in the crm","['customer_relationship_manager.search_customers.func(customer_name=""Quinn Harris"")', 'customer_relationship_manager.update_customer.func(customer_id=""00000107"", field=""status"", new_value=""Won"")']","{""query"": ""Update the status of Quinn Harris to won in the crm"", ""worker_responses"": [""[customer_relationship_manager] ✅ **Done!** Here's a summary:\n\n- **Customer:** Quinn Harris\n- **Previous Status:** Proposal\n- **New Status:** Won\n- **Product Interest:** Consulting\n- **Assigned To:** sofia.santos@atlas.com\n\nThe status has been updated successfully. Quinn Harris is now marked as a **Won** customer in the CRM.""], ""final_summary"": ""✅ **Done!** Here's a summary:\n\n- **Customer:** Quinn Harris\n- **Previous Status:** Proposal\n- **New Status:** Won\n- **Product Interest:** Consulting\n- **Assigned To:** sofia.santos@atlas.com\n\nThe status has been updated successfully. Quinn Harris is now marked as a **Won** customer in the CRM.""}",""
"Quinn Brown has moved to lost status. Can you update that in the crm?","['customer_relationship_manager.search_customers.func(customer_name=""Quinn Brown"")', 'customer_relationship_manager.update_customer.func(customer_id=""00000188"", field=""status"", new_value=""Lost"")']","{""query"": ""Quinn Brown has moved to lost status. Can you update that in the crm?"", ""worker_responses"": [""[customer_relationship_manager] Done! Quinn Brown's status has been updated from **Lead** to **Lost** in the CRM. Here's a summary of the record:\n\n- **Customer Name:** Quinn Brown\n- **Customer ID:** 00000188\n- **Previous Status:** Lead\n- **New Status:** Lost\n- **Assigned To:** lena.schmidt@atlas.com\n- **Product Interest:** Consulting""], ""final_summary"": ""Done! Quinn Brown's status has been updated from **Lead** to **Lost** in the CRM. Here's a summary of the record:\n\n- **Customer Name:** Quinn Brown\n- **Customer ID:** 00000188\n- **Previous Status:** Lead\n- **New Status:** Lost\n- **Assigned To:** lena.schmidt@atlas.com\n- **Product Interest:** Consulting""}",""
"Update the status of Jamie Anderson to lost in the crm","['customer_relationship_manager.search_customers.func(customer_name=""Jamie Anderson"")', 'customer_relationship_manager.update_customer.func(customer_id=""00000133"", field=""status"", new_value=""Lost"")']","{""query"": ""Update the status of Jamie Anderson to lost in the crm"", ""worker_responses"": [""[customer_relationship_manager] Done! I've updated Jamie Anderson's CRM record:\n\n- **Customer**: Jamie Anderson (ID: 00000133)\n- **Previous Status**: Lead → **New Status**: Lost\n- **Assigned to**: Nadia Moreau (nadia.moreau@atlas.com)""], ""final_summary"": ""Done! I've updated Jamie Anderson's CRM record:\n\n- **Customer**: Jamie Anderson (ID: 00000133)\n- **Previous Status**: Lead → **New Status**: Lost\n- **Assigned to**: Nadia Moreau (nadia.moreau@atlas.com)""}",""
"We've got a new customer that's moved to proposal status. Can you update Kerry Brown to proposal in the crm?","['customer_relationship_manager.search_customers.func(customer_name=""Kerry Brown"")', 'customer_relationship_manager.update_customer.func(customer_id=""00000199"", field=""status"", new_value=""Proposal"")']","{""query"": ""We've got a new customer that's moved to proposal status. Can you update Kerry Brown to proposal in the crm?"", ""worker_responses"": [""[customer_relationship_manager] Done! Here's a summary of what was updated:\n\n**Customer:** Kerry Brown  \n**Old Status:** Won  \n**New Status:** Proposal  \n**Customer ID:** 00000199  \n**Assigned To:** Lena Schmidt (lena.schmidt@atlas.com)\n\nKerry Brown's status has been successfully updated to \""Proposal\"" in the CRM.""], ""final_summary"": ""Done! Here's a summary of what was updated:\n\n**Customer:** Kerry Brown  \n**Old Status:** Won  \n**New Status:** Proposal  \n**Customer ID:** 00000199  \n**Assigned To:** Lena Schmidt (lena.schmidt@atlas.com)\n\nKerry Brown's status has been successfully updated to \""Proposal\"" in the CRM.""}",""
"Update the status of Jordan Jones to won in the crm","['customer_relationship_manager.search_customers.func(customer_name=""Jordan Jones"")', 'customer_relationship_manager.update_customer.func(customer_id=""00000027"", field=""status"", new_value=""Won"")']","{""query"": ""Update the status of Jordan Jones to won in the crm"", ""worker_responses"": [""[customer_relationship_manager] Done! Here's a summary of the update:\n\n- **Customer:** Jordan Jones (ID: 00000027)\n- **Previous Status:** Qualified\n- **New Status:** Won ✅\n- **Assigned To:** Nadia Moreau (nadia.moreau@atlas.com)\n- **Product Interest:** Consulting\n\nThe customer record has been updated successfully.""], ""final_summary"": ""Done! Here's a summary of the update:\n\n- **Customer:** Jordan Jones (ID: 00000027)\n- **Previous Status:** Qualified\n- **New Status:** Won ✅\n- **Assigned To:** Nadia Moreau (nadia.moreau@atlas.com)\n- **Product Interest:** Consulting\n\nThe customer record has been updated successfully.""}",""
"Jamie Davis has moved to lead status. Can you update that in the crm?","['customer_relationship_manager.search_customers.func(customer_name=""Jamie Davis"")', 'customer_relationship_manager.update_customer.func(customer_id=""00000007"", field=""status"", new_value=""Lead"")']","{""query"": ""Jamie Davis has moved to lead status. Can you update that in the crm?"", ""worker_responses"": [""[customer_relationship_manager] All done! I've updated Jamie Davis's CRM record:\n\n- **Customer**: Jamie Davis\n- **Previous Status**: Proposal → **New Status**: Lead\n- **Customer ID**: 00000007\n- **Assigned to**: sofia.santos@atlas.com\n\nThe change has been applied successfully.""], ""final_summary"": ""All done! I've updated Jamie Davis's CRM record:\n\n- **Customer**: Jamie Davis\n- **Previous Status**: Proposal → **New Status**: Lead\n- **Customer ID**: 00000007\n- **Assigned to**: sofia.santos@atlas.com\n\nThe change has been applied successfully.""}",""
"Casey White is no longer a customer. Can you delete them from the crm?","['customer_relationship_manager.search_customers.func(customer_name=""Casey White"")', 'customer_relationship_manager.delete_customer.func(customer_id=""00000167"")']","{""query"": ""Casey White is no longer a customer. Can you delete them from the crm?"", ""worker_responses"": [""[customer_relationship_manager] Done! Casey White has been deleted from the CRM successfully. Here's a summary of what was removed:\n\n- **Customer Name:** Casey White\n- **Email:** casey.white@flexlogics\n- **Status:** Lead\n- **Product Interest:** Services\n- **Assigned To:** Akira Sato\n\nThey're no longer in the system.""], ""final_summary"": ""Done! Casey White has been deleted from the CRM successfully. Here's a summary of what was removed:\n\n- **Customer Name:** Casey White\n- **Email:** casey.white@flexlogics\n- **Status:** Lead\n- **Product Interest:** Services\n- **Assigned To:** Akira Sato\n\nThey're no longer in the system.""}",""
"Delete Rahul Martinez from the crm","['customer_relationship_manager.search_customers.func(customer_name=""Rahul Martinez"")', 'customer_relationship_manager.delete_customer.func(customer_id=""00000003"")']","{""query"": ""Delete Rahul Martinez from the crm"", ""worker_responses"": [""[customer_relationship_manager] I've deleted **Rahul Martinez** from the CRM. Here's a summary of the removed record:\n\n- **Customer Name:** Rahul Martinez\n- **Email:** rahul.martinez@dynamiclogics\n- **Status:** Lost\n- **Product Interest:** Consulting\n- **Assigned To:** akira.sato@atlas.com\n- **Last Contact:** 2023-10-06\n\nThe customer has been successfully removed from the system.""], ""final_summary"": ""I've deleted **Rahul Martinez** from the CRM. Here's a summary of the removed record:\n\n- **Customer Name:** Rahul Martinez\n- **Email:** rahul.martinez@dynamiclogics\n- **Status:** Lost\n- **Product Interest:** Consulting\n- **Assigned To:** akira.sato@atlas.com\n- **Last Contact:** 2023-10-06\n\nThe customer has been successfully removed from the system.""}",""
"We no longer need to keep Shannon Wilson in the crm. Can you delete them?","['customer_relationship_manager.search_customers.func(customer_name=""Shannon Wilson"")', 'customer_relationship_manager.delete_customer.func(customer_id=""00000124"")']","{""query"": ""We no longer need to keep Shannon Wilson in the crm. Can you delete them?"", ""worker_responses"": [""[customer_relationship_manager] Shannon Wilson has been successfully deleted from the CRM. Here's a summary of the removed record:\n\n- **Name:** Shannon Wilson\n- **Email:** shannon.wilson@smartcorecloud\n- **Status:** Proposal\n- **Product Interest:** Training\n- **Assigned To:** raj.patel@atlas.com\n- **Last Contact:** 2023-10-09\n\nThey've been removed from the system entirely.""], ""final_summary"": ""Shannon Wilson has been successfully deleted from the CRM. Here's a summary of the removed record:\n\n- **Name:** Shannon Wilson\n- **Email:** shannon.wilson@smartcorecloud\n- **Status:** Proposal\n- **Product Interest:** Training\n- **Assigned To:** raj.patel@atlas.com\n- **Last Contact:** 2023-10-09\n\nThey've been removed from the system entirely.""}",""
"Rahul Moore is no longer a customer. Can you delete them from the crm?","['customer_relationship_manager.search_customers.func(customer_name=""Rahul Moore"")', 'customer_relationship_manager.delete_customer.func(customer_id=""00000073"")']","{""query"": ""Rahul Moore is no longer a customer. Can you delete them from the crm?"", ""worker_responses"": [""[customer_relationship_manager] Done! I've successfully deleted **Rahul Moore** from the CRM system. Here's a summary of the record that was removed:\n\n- **Customer Name:** Rahul Moore\n- **Email:** rahul.moore@bluepointdesigns\n- **Status:** Lost\n- **Product Interest:** Consulting\n- **Assigned To:** akira.sato@atlas.com\n\nThe customer record has been permanently removed from the database.""], ""final_summary"": ""Done! I've successfully deleted **Rahul Moore** from the CRM system. Here's a summary of the record that was removed:\n\n- **Customer Name:** Rahul Moore\n- **Email:** rahul.moore@bluepointdesigns\n- **Status:** Lost\n- **Product Interest:** Consulting\n- **Assigned To:** akira.sato@atlas.com\n\nThe customer record has been permanently removed from the database.""}",""
"Delete Peyton Jones from the crm","['customer_relationship_manager.search_customers.func(customer_name=""Peyton Jones"")', 'customer_relationship_manager.delete_customer.func(customer_id=""00000182"")']","{""query"": ""Delete Peyton Jones from the crm"", ""worker_responses"": [""[customer_relationship_manager] Done! **Peyton Jones** has been successfully deleted from the CRM. Here's what was removed:\n\n- **Customer ID:** 00000182\n- **Email:** peyton.jones@peakventures\n- **Status:** Won\n- **Product Interest:** Consulting\n- **Assigned To:** akira.sato@atlas.com""], ""final_summary"": ""Done! **Peyton Jones** has been successfully deleted from the CRM. Here's what was removed:\n\n- **Customer ID:** 00000182\n- **Email:** peyton.jones@peakventures\n- **Status:** Won\n- **Product Interest:** Consulting\n- **Assigned To:** akira.sato@atlas.com""}",""
"Kerry Moore is no longer a customer. Can you delete them from the crm?","['customer_relationship_manager.search_customers.func(customer_name=""Kerry Moore"")', 'customer_relationship_manager.delete_customer.func(customer_id=""00000046"")']","{""query"": ""Kerry Moore is no longer a customer. Can you delete them from the crm?"", ""worker_responses"": [""[customer_relationship_manager] Done! **Kerry Moore** has been successfully deleted from the CRM. Here's a summary of what was removed:\n\n- **Customer Name:** Kerry Moore\n- **Email:** kerry.moore@aeroportsolutions\n- **Product Interest:** Consulting\n- **Status:** Qualified\n- **Assigned To:** lena.schmidt@atlas.com\n\nThe record is no longer in the system.""], ""final_summary"": ""Done! **Kerry Moore** has been successfully deleted from the CRM. Here's a summary of what was removed:\n\n- **Customer Name:** Kerry Moore\n- **Email:** kerry.moore@aeroportsolutions\n- **Product Interest:** Consulting\n- **Status:** Qualified\n- **Assigned To:** lena.schmidt@atlas.com\n\nThe record is no longer in the system.""}",""
"Delete Shannon Jones from the crm","['customer_relationship_manager.search_customers.func(customer_name=""Shannon Jones"")', 'customer_relationship_manager.delete_customer.func(customer_id=""00000008"")']","{""query"": ""Delete Shannon Jones from the crm"", ""worker_responses"": [""[customer_relationship_manager] Done! **Shannon Jones** has been successfully deleted from the CRM. Here's a summary of the removed record:\n\n| Field | Value |\n|-------|-------|\n| **Customer ID** | 00000008 |\n| **Email** | shannon.jones@proelectronics |\n| **Phone** | 103-839-5315 |\n| **Status** | Proposal |\n| **Product Interest** | Services |\n| **Assigned To** | nadia.moreau@atlas.com |\n| **Last Contact** | 2023-11-02 |\n\nThe record has been permanently removed from the system.""], ""final_summary"": ""Done! **Shannon Jones** has been successfully deleted from the CRM. Here's a summary of the removed record:\n\n| Field | Value |\n|-------|-------|\n| **Customer ID** | 00000008 |\n| **Email** | shannon.jones@proelectronics |\n| **Phone** | 103-839-5315 |\n| **Status** | Proposal |\n| **Product Interest** | Services |\n| **Assigned To** | nadia.moreau@atlas.com |\n| **Last Contact** | 2023-11-02 |\n\nThe record has been permanently removed from the system.""}",""
"Delete Jamie Taylor from the crm","['customer_relationship_manager.search_customers.func(customer_name=""Jamie Taylor"")', 'customer_relationship_manager.delete_customer.func(customer_id=""00000019"")']","{""query"": ""Delete Jamie Taylor from the crm"", ""worker_responses"": [""[customer_relationship_manager] **Done!** Jamie Taylor has been successfully deleted from the CRM. Here's a summary of the removed record:\n\n| Field | Value |\n|-------|-------|\n| **Name** | Jamie Taylor |\n| **Email** | jamie.taylor@solarinteractiveinnovations |\n| **Phone** | 569-736-2638 |\n| **Status** | Lost |\n| **Product Interest** | Hardware |\n| **Assigned To** | lena.schmidt@atlas.com |\n| **Last Contact** | 2023-10-05 |""], ""final_summary"": ""**Done!** Jamie Taylor has been successfully deleted from the CRM. Here's a summary of the removed record:\n\n| Field | Value |\n|-------|-------|\n| **Name** | Jamie Taylor |\n| **Email** | jamie.taylor@solarinteractiveinnovations |\n| **Phone** | 569-736-2638 |\n| **Status** | Lost |\n| **Product Interest** | Hardware |\n| **Assigned To** | lena.schmidt@atlas.com |\n| **Last Contact** | 2023-10-05 |""}",""
"Kerry Robinson is no longer a customer. Can you delete them from the crm?","['customer_relationship_manager.search_customers.func(customer_name=""Kerry Robinson"")', 'customer_relationship_manager.delete_customer.func(customer_id=""00000196"")']","{""query"": ""Kerry Robinson is no longer a customer. Can you delete them from the crm?"", ""worker_responses"": [""[customer_relationship_manager] Done! I've deleted **Kerry Robinson** from the CRM. Here's a summary of what was removed:\n\n- **Name:** Kerry Robinson\n- **Email:** kerry.robinson@procoresolutions\n- **Product Interest:** Services\n- **Status:** Qualified\n- **Assigned To:** raj.patel@atlas.com\n\nThe record has been permanently deleted.""], ""final_summary"": ""Done! I've deleted **Kerry Robinson** from the CRM. Here's a summary of what was removed:\n\n- **Name:** Kerry Robinson\n- **Email:** kerry.robinson@procoresolutions\n- **Product Interest:** Services\n- **Status:** Qualified\n- **Assigned To:** raj.patel@atlas.com\n\nThe record has been permanently deleted.""}",""
"Delete Jaden White from the crm","['customer_relationship_manager.search_customers.func(customer_name=""Jaden White"")', 'customer_relationship_manager.delete_customer.func(customer_id=""00000052"")']","{""query"": ""Delete Jaden White from the crm"", ""worker_responses"": [""[customer_relationship_manager] Done! Jaden White (customer ID: 00000052) has been successfully deleted from the CRM. Here's a summary of the record that was removed:\n\n- **Name:** Jaden White\n- **Email:** jaden.white@protracefoods\n- **Phone:** 724-857-2625\n- **Status:** Won\n- **Product Interest:** Hardware\n- **Assigned To:** raj.patel@atlas.com\n- **Last Contact:** 2023-11-30""], ""final_summary"": ""Done! Jaden White (customer ID: 00000052) has been successfully deleted from the CRM. Here's a summary of the record that was removed:\n\n- **Name:** Jaden White\n- **Email:** jaden.white@protracefoods\n- **Phone:** 724-857-2625\n- **Status:** Won\n- **Product Interest:** Hardware\n- **Assigned To:** raj.patel@atlas.com\n- **Last Contact:** 2023-11-30""}",""
"can you add Morgan Wilson to the crm? They're a new lead and need to be assigned to Nadia","['company_directory.find_email_address.func(name=""Nadia"")', 'customer_relationship_manager.add_customer.func(customer_name=""Morgan Wilson"", assigned_to_email=""nadia.moreau@atlas.com"", status=""Lead"")']","{""query"": ""can you add Morgan Wilson to the crm? They're a new lead and need to be assigned to Nadia"", ""worker_responses"": [""[company_directory] Here's the result:\n\nThe employee named **Nadia** in the company directory has the email address: **nadia.moreau@atlas.com**."", ""[customer_relationship_manager] The new lead has been added to the CRM successfully! Here's a summary:\n\n| Field | Value |\n|-------|-------|\n| **Customer Name** | Morgan Wilson |\n| **Status** | Lead |\n| **Assigned Rep** | Nadia Moreau (nadia.moreau@atlas.com) |\n| **Customer ID** | 00000200 |\n\nThe record is now in your CRM system. If you'd like to add any additional details (like email, phone, product interest, notes, or follow-up dates), just let me know!""], ""final_summary"": ""Added Morgan Wilson as a new lead in the CRM, assigned to Nadia Moreau (nadia.moreau@atlas.com). The record was created successfully with status \""Lead\"".""}",""
"Add Avery White as a new lead in the crm and assign them to Raj","[]","{""query"": ""Add Avery White as a new lead in the crm and assign them to Raj"", ""worker_responses"": [""[customer_relationship_manager] APIStatusError: Error code: 402 - {'error': {'message': 'Insufficient Balance', 'type': 'unknown_error', 'param': None, 'code': 'invalid_request_error'}}""], ""final_summary"": ""APIStatusError: Error code: 402 - {'error': {'message': 'Insufficient Balance', 'type': 'unknown_error', 'param': None, 'code': 'invalid_request_error'}}""}",""
"We've got a new lead called Jordan Moore. Can you add them to the crm and assign them to Akira?","[]","{""query"": ""We've got a new lead called Jordan Moore. Can you add them to the crm and assign them to Akira?"", ""worker_responses"": [""[customer_relationship_manager] APIStatusError: Error code: 402 - {'error': {'message': 'Insufficient Balance', 'type': 'unknown_error', 'param': None, 'code': 'invalid_request_error'}}""], ""final_summary"": ""APIStatusError: Error code: 402 - {'error': {'message': 'Insufficient Balance', 'type': 'unknown_error', 'param': None, 'code': 'invalid_request_error'}}""}",""
"Add Quinn Robinson as a new lead in the crm and assign them to Raj","[]","{""query"": ""Add Quinn Robinson as a new lead in the crm and assign them to Raj"", ""worker_responses"": [""[customer_relationship_manager] APIStatusError: Error code: 402 - {'error': {'message': 'Insufficient Balance', 'type': 'unknown_error', 'param': None, 'code': 'invalid_request_error'}}""], ""final_summary"": ""APIStatusError: Error code: 402 - {'error': {'message': 'Insufficient Balance', 'type': 'unknown_error', 'param': None, 'code': 'invalid_request_error'}}""}",""
"Add Rahul Johnson as a new lead in the crm and assign them to Lena","[]","{""query"": ""Add Rahul Johnson as a new lead in the crm and assign them to Lena"", ""worker_responses"": [""[customer_relationship_manager] APIStatusError: Error code: 402 - {'error': {'message': 'Insufficient Balance', 'type': 'unknown_error', 'param': None, 'code': 'invalid_request_error'}}""], ""final_summary"": ""APIStatusError: Error code: 402 - {'error': {'message': 'Insufficient Balance', 'type': 'unknown_error', 'param': None, 'code': 'invalid_request_error'}}""}",""
"can you add Jaden Brown to the crm? They're a new lead and need to be assigned to Sofia","[]","{""query"": ""can you add Jaden Brown to the crm? They're a new lead and need to be assigned to Sofia"", ""worker_responses"": [], ""final_summary"": ""APIStatusError: Error code: 402 - {'error': {'message': 'Insufficient Balance', 'type': 'unknown_error', 'param': None, 'code': 'invalid_request_error'}}""}",""
"can you add Taylor Robinson to the crm? They're a new lead and need to be assigned to Sofia","[]","{""query"": ""can you add Taylor Robinson to the crm? They're a new lead and need to be assigned to Sofia"", ""worker_responses"": [], ""final_summary"": ""APIStatusError: Error code: 402 - {'error': {'message': 'Insufficient Balance', 'type': 'unknown_error', 'param': None, 'code': 'invalid_request_error'}}""}",""
"Add Jordan Moore as a new lead in the crm and assign them to Nadia","[]","{""query"": ""Add Jordan Moore as a new lead in the crm and assign them to Nadia"", ""worker_responses"": [""[customer_relationship_manager] APIStatusError: Error code: 402 - {'error': {'message': 'Insufficient Balance', 'type': 'unknown_error', 'param': None, 'code': 'invalid_request_error'}}""], ""final_summary"": ""APIStatusError: Error code: 402 - {'error': {'message': 'Insufficient Balance', 'type': 'unknown_error', 'param': None, 'code': 'invalid_request_error'}}""}",""
"Add Rahul Davis as a new lead in the crm and assign them to Akira","[]","{""query"": ""Add Rahul Davis as a new lead in the crm and assign them to Akira"", ""worker_responses"": [""[customer_relationship_manager] APIStatusError: Error code: 402 - {'error': {'message': 'Insufficient Balance', 'type': 'unknown_error', 'param': None, 'code': 'invalid_request_error'}}""], ""final_summary"": ""APIStatusError: Error code: 402 - {'error': {'message': 'Insufficient Balance', 'type': 'unknown_error', 'param': None, 'code': 'invalid_request_error'}}""}",""
"We've got a new lead called Dakota Wilson. Can you add them to the crm and assign them to Sofia?","[]","{""query"": ""We've got a new lead called Dakota Wilson. Can you add them to the crm and assign them to Sofia?"", ""worker_responses"": [""[customer_relationship_manager] APIStatusError: Error code: 402 - {'error': {'message': 'Insufficient Balance', 'type': 'unknown_error', 'param': None, 'code': 'invalid_request_error'}}""], ""final_summary"": ""APIStatusError: Error code: 402 - {'error': {'message': 'Insufficient Balance', 'type': 'unknown_error', 'param': None, 'code': 'invalid_request_error'}}""}",""
"We're moving Dakota Wilson to Raj. Can you make that change in the crm?","[]","{""query"": ""We're moving Dakota Wilson to Raj. Can you make that change in the crm?"", ""worker_responses"": [""[customer_relationship_manager] APIStatusError: Error code: 402 - {'error': {'message': 'Insufficient Balance', 'type': 'unknown_error', 'param': None, 'code': 'invalid_request_error'}}""], ""final_summary"": ""APIStatusError: Error code: 402 - {'error': {'message': 'Insufficient Balance', 'type': 'unknown_error', 'param': None, 'code': 'invalid_request_error'}}""}",""
"Reassign Morgan Robinson to Sofia in the crm","[]","{""query"": ""Reassign Morgan Robinson to Sofia in the crm"", ""worker_responses"": [""[customer_relationship_manager] APIStatusError: Error code: 402 - {'error': {'message': 'Insufficient Balance', 'type': 'unknown_error', 'param': None, 'code': 'invalid_request_error'}}""], ""final_summary"": ""APIStatusError: Error code: 402 - {'error': {'message': 'Insufficient Balance', 'type': 'unknown_error', 'param': None, 'code': 'invalid_request_error'}}""}",""
"Raj is taking over Alex Jackson. Can you reassign them in the crm?","[]","{""query"": ""Raj is taking over Alex Jackson. Can you reassign them in the crm?"", ""worker_responses"": [""[customer_relationship_manager] APIStatusError: Error code: 402 - {'error': {'message': 'Insufficient Balance', 'type': 'unknown_error', 'param': None, 'code': 'invalid_request_error'}}""], ""final_summary"": ""APIStatusError: Error code: 402 - {'error': {'message': 'Insufficient Balance', 'type': 'unknown_error', 'param': None, 'code': 'invalid_request_error'}}""}",""
"Reassign Rahul Martinez to Lena in the crm","[]","{""query"": ""Reassign Rahul Martinez to Lena in the crm"", ""worker_responses"": [""[customer_relationship_manager] APIStatusError: Error code: 402 - {'error': {'message': 'Insufficient Balance', 'type': 'unknown_error', 'param': None, 'code': 'invalid_request_error'}}""], ""final_summary"": ""APIStatusError: Error code: 402 - {'error': {'message': 'Insufficient Balance', 'type': 'unknown_error', 'param': None, 'code': 'invalid_request_error'}}""}",""
"Akira is taking over Reese Thomas. Can you reassign them in the crm?","[]","{""query"": ""Akira is taking over Reese Thomas. Can you reassign them in the crm?"", ""worker_responses"": [""[customer_relationship_manager] APIStatusError: Error code: 402 - {'error': {'message': 'Insufficient Balance', 'type': 'unknown_error', 'param': None, 'code': 'invalid_request_error'}}""], ""final_summary"": ""APIStatusError: Error code: 402 - {'error': {'message': 'Insufficient Balance', 'type': 'unknown_error', 'param': None, 'code': 'invalid_request_error'}}""}",""
"Reassign Reese Jones to Lena in the crm","[]","{""query"": ""Reassign Reese Jones to Lena in the crm"", ""worker_responses"": [""[customer_relationship_manager] APIStatusError: Error code: 402 - {'error': {'message': 'Insufficient Balance', 'type': 'unknown_error', 'param': None, 'code': 'invalid_request_error'}}""], ""final_summary"": ""APIStatusError: Error code: 402 - {'error': {'message': 'Insufficient Balance', 'type': 'unknown_error', 'param': None, 'code': 'invalid_request_error'}}""}",""
"Lena is taking over Parker Martin. Can you reassign them in the crm?","[]","{""query"": ""Lena is taking over Parker Martin. Can you reassign them in the crm?"", ""worker_responses"": [""[customer_relationship_manager] APIStatusError: Error code: 402 - {'error': {'message': 'Insufficient Balance', 'type': 'unknown_error', 'param': None, 'code': 'invalid_request_error'}}""], ""final_summary"": ""APIStatusError: Error code: 402 - {'error': {'message': 'Insufficient Balance', 'type': 'unknown_error', 'param': None, 'code': 'invalid_request_error'}}""}",""
"Nadia is taking over Avery Martinez. Can you reassign them in the crm?","[]","{""query"": ""Nadia is taking over Avery Martinez. Can you reassign them in the crm?"", ""worker_responses"": [""[customer_relationship_manager] APIStatusError: Error code: 402 - {'error': {'message': 'Insufficient Balance', 'type': 'unknown_error', 'param': None, 'code': 'invalid_request_error'}}""], ""final_summary"": ""APIStatusError: Error code: 402 - {'error': {'message': 'Insufficient Balance', 'type': 'unknown_error', 'param': None, 'code': 'invalid_request_error'}}""}",""
"We're moving Taylor Jackson to Raj. Can you make that change in the crm?","[]","{""query"": ""We're moving Taylor Jackson to Raj. Can you make that change in the crm?"", ""worker_responses"": [""[customer_relationship_manager] APIStatusError: Error code: 402 - {'error': {'message': 'Insufficient Balance', 'type': 'unknown_error', 'param': None, 'code': 'invalid_request_error'}}""], ""final_summary"": ""APIStatusError: Error code: 402 - {'error': {'message': 'Insufficient Balance', 'type': 'unknown_error', 'param': None, 'code': 'invalid_request_error'}}""}",""
"We're moving Jamie Martin to Sofia. Can you make that change in the crm?","[]","{""query"": ""We're moving Jamie Martin to Sofia. Can you make that change in the crm?"", ""worker_responses"": [""[customer_relationship_manager] APIStatusError: Error code: 402 - {'error': {'message': 'Insufficient Balance', 'type': 'unknown_error', 'param': None, 'code': 'invalid_request_error'}}""], ""final_summary"": ""APIStatusError: Error code: 402 - {'error': {'message': 'Insufficient Balance', 'type': 'unknown_error', 'param': None, 'code': 'invalid_request_error'}}""}",""
"Akira is taking over all of Lena's leads that are interested in software. Can you reassign them in the crm?","[]","{""query"": ""Akira is taking over all of Lena's leads that are interested in software. Can you reassign them in the crm?"", ""worker_responses"": [""[customer_relationship_manager] APIStatusError: Error code: 402 - {'error': {'message': 'Insufficient Balance', 'type': 'unknown_error', 'param': None, 'code': 'invalid_request_error'}}""], ""final_summary"": ""APIStatusError: Error code: 402 - {'error': {'message': 'Insufficient Balance', 'type': 'unknown_error', 'param': None, 'code': 'invalid_request_error'}}""}",""
"Reassign all of Akira's leads that are interested in hardware to Lena in the crm.","[]","{""query"": ""Reassign all of Akira's leads that are interested in hardware to Lena in the crm."", ""worker_responses"": [""[customer_relationship_manager] APIStatusError: Error code: 402 - {'error': {'message': 'Insufficient Balance', 'type': 'unknown_error', 'param': None, 'code': 'invalid_request_error'}}""], ""final_summary"": ""APIStatusError: Error code: 402 - {'error': {'message': 'Insufficient Balance', 'type': 'unknown_error', 'param': None, 'code': 'invalid_request_error'}}""}",""
"Reassign all of Nadia's leads that are interested in training to Lena in the crm.","[]","{""query"": ""Reassign all of Nadia's leads that are interested in training to Lena in the crm."", ""worker_responses"": [""[customer_relationship_manager] APIStatusError: Error code: 402 - {'error': {'message': 'Insufficient Balance', 'type': 'unknown_error', 'param': None, 'code': 'invalid_request_error'}}""], ""final_summary"": ""APIStatusError: Error code: 402 - {'error': {'message': 'Insufficient Balance', 'type': 'unknown_error', 'param': None, 'code': 'invalid_request_error'}}""}",""
"Lena is taking over all of Akira's leads that are interested in software. Can you reassign them in the crm?","[]","{""query"": ""Lena is taking over all of Akira's leads that are interested in software. Can you reassign them in the crm?"", ""worker_responses"": [""[customer_relationship_manager] APIStatusError: Error code: 402 - {'error': {'message': 'Insufficient Balance', 'type': 'unknown_error', 'param': None, 'code': 'invalid_request_error'}}""], ""final_summary"": ""APIStatusError: Error code: 402 - {'error': {'message': 'Insufficient Balance', 'type': 'unknown_error', 'param': None, 'code': 'invalid_request_error'}}""}",""
"Reassign all of Raj's leads that are interested in services to Sofia in the crm.","[]","{""query"": ""Reassign all of Raj's leads that are interested in services to Sofia in the crm."", ""worker_responses"": [""[customer_relationship_manager] APIStatusError: Error code: 402 - {'error': {'message': 'Insufficient Balance', 'type': 'unknown_error', 'param': None, 'code': 'invalid_request_error'}}""], ""final_summary"": ""APIStatusError: Error code: 402 - {'error': {'message': 'Insufficient Balance', 'type': 'unknown_error', 'param': None, 'code': 'invalid_request_error'}}""}",""
"Reassign all of Nadia's leads that are interested in consulting to Raj in the crm.","[]","{""query"": ""Reassign all of Nadia's leads that are interested in consulting to Raj in the crm."", ""worker_responses"": [""[customer_relationship_manager] APIStatusError: Error code: 402 - {'error': {'message': 'Insufficient Balance', 'type': 'unknown_error', 'param': None, 'code': 'invalid_request_error'}}""], ""final_summary"": ""APIStatusError: Error code: 402 - {'error': {'message': 'Insufficient Balance', 'type': 'unknown_error', 'param': None, 'code': 'invalid_request_error'}}""}",""
"Akira is taking over all of Lena's leads that are interested in hardware. Can you reassign them in the crm?","[]","{""query"": ""Akira is taking over all of Lena's leads that are interested in hardware. Can you reassign them in the crm?"", ""worker_responses"": [""[customer_relationship_manager] APIStatusError: Error code: 402 - {'error': {'message': 'Insufficient Balance', 'type': 'unknown_error', 'param': None, 'code': 'invalid_request_error'}}""], ""final_summary"": ""APIStatusError: Error code: 402 - {'error': {'message': 'Insufficient Balance', 'type': 'unknown_error', 'param': None, 'code': 'invalid_request_error'}}""}",""
"We're moving all of Lena's leads that are interested in services to Sofia. Can you make that change in the crm?","[]","{""query"": ""We're moving all of Lena's leads that are interested in services to Sofia. Can you make that change in the crm?"", ""worker_responses"": [""[customer_relationship_manager] APIStatusError: Error code: 402 - {'error': {'message': 'Insufficient Balance', 'type': 'unknown_error', 'param': None, 'code': 'invalid_request_error'}}""], ""final_summary"": ""APIStatusError: Error code: 402 - {'error': {'message': 'Insufficient Balance', 'type': 'unknown_error', 'param': None, 'code': 'invalid_request_error'}}""}",""
"Reassign all of Raj's leads that are interested in training to Akira in the crm.","[]","{""query"": ""Reassign all of Raj's leads that are interested in training to Akira in the crm."", ""worker_responses"": [""[customer_relationship_manager] APIStatusError: Error code: 402 - {'error': {'message': 'Insufficient Balance', 'type': 'unknown_error', 'param': None, 'code': 'invalid_request_error'}}""], ""final_summary"": ""APIStatusError: Error code: 402 - {'error': {'message': 'Insufficient Balance', 'type': 'unknown_error', 'param': None, 'code': 'invalid_request_error'}}""}",""
"Reassign all of Lena's leads that are interested in services to Sofia in the crm.","[]","{""query"": ""Reassign all of Lena's leads that are interested in services to Sofia in the crm."", ""worker_responses"": [""[customer_relationship_manager] APIStatusError: Error code: 402 - {'error': {'message': 'Insufficient Balance', 'type': 'unknown_error', 'param': None, 'code': 'invalid_request_error'}}""], ""final_summary"": ""APIStatusError: Error code: 402 - {'error': {'message': 'Insufficient Balance', 'type': 'unknown_error', 'param': None, 'code': 'invalid_request_error'}}""}",""
"I need to move all of Sofia's customers that are interested in services and are either qualified or in proposal to Raj. Can you make that change in the crm?","[]","{""query"": ""I need to move all of Sofia's customers that are interested in services and are either qualified or in proposal to Raj. Can you make that change in the crm?"", ""worker_responses"": [""[customer_relationship_manager] APIStatusError: Error code: 402 - {'error': {'message': 'Insufficient Balance', 'type': 'unknown_error', 'param': None, 'code': 'invalid_request_error'}}""], ""final_summary"": ""APIStatusError: Error code: 402 - {'error': {'message': 'Insufficient Balance', 'type': 'unknown_error', 'param': None, 'code': 'invalid_request_error'}}""}",""
"Raj is taking over all of Sofia's customers that are interested in training and are either qualified or in proposal. Can you reassign them in the crm?","[]","{""query"": ""Raj is taking over all of Sofia's customers that are interested in training and are either qualified or in proposal. Can you reassign them in the crm?"", ""worker_responses"": [""[customer_relationship_manager] APIStatusError: Error code: 402 - {'error': {'message': 'Insufficient Balance', 'type': 'unknown_error', 'param': None, 'code': 'invalid_request_error'}}""], ""final_summary"": ""APIStatusError: Error code: 402 - {'error': {'message': 'Insufficient Balance', 'type': 'unknown_error', 'param': None, 'code': 'invalid_request_error'}}""}",""
"Give Raj all of Nadia's customers that are interested in consulting and are either qualified or in proposal in the crm","[]","{""query"": ""Give Raj all of Nadia's customers that are interested in consulting and are either qualified or in proposal in the crm"", ""worker_responses"": [""[customer_relationship_manager] APIStatusError: Error code: 402 - {'error': {'message': 'Insufficient Balance', 'type': 'unknown_error', 'param': None, 'code': 'invalid_request_error'}}""], ""final_summary"": ""APIStatusError: Error code: 402 - {'error': {'message': 'Insufficient Balance', 'type': 'unknown_error', 'param': None, 'code': 'invalid_request_error'}}""}",""
"I need to move all of Sofia's customers that are interested in training and are either qualified or in proposal to Nadia. Can you make that change in the crm?","[]","{""query"": ""I need to move all of Sofia's customers that are interested in training and are either qualified or in proposal to Nadia. Can you make that change in the crm?"", ""worker_responses"": [""[customer_relationship_manager] APIStatusError: Error code: 402 - {'error': {'message': 'Insufficient Balance', 'type': 'unknown_error', 'param': None, 'code': 'invalid_request_error'}}""], ""final_summary"": ""APIStatusError: Error code: 402 - {'error': {'message': 'Insufficient Balance', 'type': 'unknown_error', 'param': None, 'code': 'invalid_request_error'}}""}",""
"Give Sofia all of Lena's customers that are interested in training and are either qualified or in proposal in the crm","[]","{""query"": ""Give Sofia all of Lena's customers that are interested in training and are either qualified or in proposal in the crm"", ""worker_responses"": [""[customer_relationship_manager] APIStatusError: Error code: 402 - {'error': {'message': 'Insufficient Balance', 'type': 'unknown_error', 'param': None, 'code': 'invalid_request_error'}}""], ""final_summary"": ""APIStatusError: Error code: 402 - {'error': {'message': 'Insufficient Balance', 'type': 'unknown_error', 'param': None, 'code': 'invalid_request_error'}}""}",""
"Give Nadia all of Sofia's customers that are interested in hardware and are either qualified or in proposal in the crm","[]","{""query"": ""Give Nadia all of Sofia's customers that are interested in hardware and are either qualified or in proposal in the crm"", ""worker_responses"": [""[customer_relationship_manager] APIStatusError: Error code: 402 - {'error': {'message': 'Insufficient Balance', 'type': 'unknown_error', 'param': None, 'code': 'invalid_request_error'}}""], ""final_summary"": ""APIStatusError: Error code: 402 - {'error': {'message': 'Insufficient Balance', 'type': 'unknown_error', 'param': None, 'code': 'invalid_request_error'}}""}",""
"I need to move all of Raj's customers that are interested in hardware and are either qualified or in proposal to Sofia. Can you make that change in the crm?","[]","{""query"": ""I need to move all of Raj's customers that are interested in hardware and are either qualified or in proposal to Sofia. Can you make that change in the crm?"", ""worker_responses"": [""[customer_relationship_manager] APIStatusError: Error code: 402 - {'error': {'message': 'Insufficient Balance', 'type': 'unknown_error', 'param': None, 'code': 'invalid_request_error'}}""], ""final_summary"": ""APIStatusError: Error code: 402 - {'error': {'message': 'Insufficient Balance', 'type': 'unknown_error', 'param': None, 'code': 'invalid_request_error'}}""}",""
"Give Akira all of Nadia's customers that are interested in hardware and are either qualified or in proposal in the crm","[]","{""query"": ""Give Akira all of Nadia's customers that are interested in hardware and are either qualified or in proposal in the crm"", ""worker_responses"": [""[customer_relationship_manager] APIStatusError: Error code: 402 - {'error': {'message': 'Insufficient Balance', 'type': 'unknown_error', 'param': None, 'code': 'invalid_request_error'}}""], ""final_summary"": ""APIStatusError: Error code: 402 - {'error': {'message': 'Insufficient Balance', 'type': 'unknown_error', 'param': None, 'code': 'invalid_request_error'}}""}",""
"Sofia is taking over all of Lena's customers that are interested in services and are either qualified or in proposal. Can you reassign them in the crm?","[]","{""query"": ""Sofia is taking over all of Lena's customers that are interested in services and are either qualified or in proposal. Can you reassign them in the crm?"", ""worker_responses"": [""[customer_relationship_manager] APIStatusError: Error code: 402 - {'error': {'message': 'Insufficient Balance', 'type': 'unknown_error', 'param': None, 'code': 'invalid_request_error'}}""], ""final_summary"": ""APIStatusError: Error code: 402 - {'error': {'message': 'Insufficient Balance', 'type': 'unknown_error', 'param': None, 'code': 'invalid_request_error'}}""}",""
"Sofia is taking over all of Raj's customers that are interested in consulting and are either qualified or in proposal. Can you reassign them in the crm?","[]","{""query"": ""Sofia is taking over all of Raj's customers that are interested in consulting and are either qualified or in proposal. Can you reassign them in the crm?"", ""worker_responses"": [""[customer_relationship_manager] APIStatusError: Error code: 402 - {'error': {'message': 'Insufficient Balance', 'type': 'unknown_error', 'param': None, 'code': 'invalid_request_error'}}""], ""final_summary"": ""APIStatusError: Error code: 402 - {'error': {'message': 'Insufficient Balance', 'type': 'unknown_error', 'param': None, 'code': 'invalid_request_error'}}""}",""
"We no longer need to keep all of Sofia's customers that are in the won stage and interested in services. Can you delete them from the crm?","[]","{""query"": ""We no longer need to keep all of Sofia's customers that are in the won stage and interested in services. Can you delete them from the crm?"", ""worker_responses"": [""[customer_relationship_manager] APIStatusError: Error code: 402 - {'error': {'message': 'Insufficient Balance', 'type': 'unknown_error', 'param': None, 'code': 'invalid_request_error'}}""], ""final_summary"": ""APIStatusError: Error code: 402 - {'error': {'message': 'Insufficient Balance', 'type': 'unknown_error', 'param': None, 'code': 'invalid_request_error'}}""}",""
"We no longer need to keep all of Sofia's customers that are in the qualified stage and interested in services. Can you delete them from the crm?","[]","{""query"": ""We no longer need to keep all of Sofia's customers that are in the qualified stage and interested in services. Can you delete them from the crm?"", ""worker_responses"": [""[customer_relationship_manager] APIStatusError: Error code: 402 - {'error': {'message': 'Insufficient Balance', 'type': 'unknown_error', 'param': None, 'code': 'invalid_request_error'}}""], ""final_summary"": ""APIStatusError: Error code: 402 - {'error': {'message': 'Insufficient Balance', 'type': 'unknown_error', 'param': None, 'code': 'invalid_request_error'}}""}",""
"I need to move all of Raj's customers that are in the lost stage and interested in software to lost. Can you make that change in the crm?","[]","{""query"": ""I need to move all of Raj's customers that are in the lost stage and interested in software to lost. Can you make that change in the crm?"", ""worker_responses"": [""[customer_relationship_manager] APIStatusError: Error code: 402 - {'error': {'message': 'Insufficient Balance', 'type': 'unknown_error', 'param': None, 'code': 'invalid_request_error'}}""], ""final_summary"": ""APIStatusError: Error code: 402 - {'error': {'message': 'Insufficient Balance', 'type': 'unknown_error', 'param': None, 'code': 'invalid_request_error'}}""}",""
"I need to move all of Lena's customers that are in the qualified stage and interested in hardware to lost. Can you make that change in the crm?","[]","{""query"": ""I need to move all of Lena's customers that are in the qualified stage and interested in hardware to lost. Can you make that change in the crm?"", ""worker_responses"": [""[customer_relationship_manager] APIStatusError: Error code: 402 - {'error': {'message': 'Insufficient Balance', 'type': 'unknown_error', 'param': None, 'code': 'invalid_request_error'}}""], ""final_summary"": ""APIStatusError: Error code: 402 - {'error': {'message': 'Insufficient Balance', 'type': 'unknown_error', 'param': None, 'code': 'invalid_request_error'}}""}",""
"I need to move all of Akira's customers that are in the qualified stage and interested in services to lost. Can you make that change in the crm?","[]","{""query"": ""I need to move all of Akira's customers that are in the qualified stage and interested in services to lost. Can you make that change in the crm?"", ""worker_responses"": [""[customer_relationship_manager] APIStatusError: Error code: 402 - {'error': {'message': 'Insufficient Balance', 'type': 'unknown_error', 'param': None, 'code': 'invalid_request_error'}}""], ""final_summary"": ""APIStatusError: Error code: 402 - {'error': {'message': 'Insufficient Balance', 'type': 'unknown_error', 'param': None, 'code': 'invalid_request_error'}}""}",""
"I need to move all of Akira's customers that are in the proposal stage and interested in software to lost. Can you make that change in the crm?","[]","{""query"": ""I need to move all of Akira's customers that are in the proposal stage and interested in software to lost. Can you make that change in the crm?"", ""worker_responses"": [""[customer_relationship_manager] APIStatusError: Error code: 402 - {'error': {'message': 'Insufficient Balance', 'type': 'unknown_error', 'param': None, 'code': 'invalid_request_error'}}""], ""final_summary"": ""APIStatusError: Error code: 402 - {'error': {'message': 'Insufficient Balance', 'type': 'unknown_error', 'param': None, 'code': 'invalid_request_error'}}""}",""
"I need to move all of Nadia's customers that are in the qualified stage and interested in training to lost. Can you make that change in the crm?","[]","{""query"": ""I need to move all of Nadia's customers that are in the qualified stage and interested in training to lost. Can you make that change in the crm?"", ""worker_responses"": [""[customer_relationship_manager] APIStatusError: Error code: 402 - {'error': {'message': 'Insufficient Balance', 'type': 'unknown_error', 'param': None, 'code': 'invalid_request_error'}}""], ""final_summary"": ""APIStatusError: Error code: 402 - {'error': {'message': 'Insufficient Balance', 'type': 'unknown_error', 'param': None, 'code': 'invalid_request_error'}}""}",""
"I need to move all of Raj's customers that are in the won stage and interested in consulting to lost. Can you make that change in the crm?","[]","{""query"": ""I need to move all of Raj's customers that are in the won stage and interested in consulting to lost. Can you make that change in the crm?"", ""worker_responses"": [""[customer_relationship_manager] APIStatusError: Error code: 402 - {'error': {'message': 'Insufficient Balance', 'type': 'unknown_error', 'param': None, 'code': 'invalid_request_error'}}""], ""final_summary"": ""APIStatusError: Error code: 402 - {'error': {'message': 'Insufficient Balance', 'type': 'unknown_error', 'param': None, 'code': 'invalid_request_error'}}""}",""
"I need to move all of Raj's customers that are in the qualified stage and interested in services to lost. Can you make that change in the crm?","[]","{""query"": ""I need to move all of Raj's customers that are in the qualified stage and interested in services to lost. Can you make that change in the crm?"", ""worker_responses"": [""[customer_relationship_manager] APIStatusError: Error code: 402 - {'error': {'message': 'Insufficient Balance', 'type': 'unknown_error', 'param': None, 'code': 'invalid_request_error'}}""], ""final_summary"": ""APIStatusError: Error code: 402 - {'error': {'message': 'Insufficient Balance', 'type': 'unknown_error', 'param': None, 'code': 'invalid_request_error'}}""}",""
"We no longer need to keep all of Akira's customers that are in the lost stage and interested in hardware. Can you delete them from the crm?","[]","{""query"": ""We no longer need to keep all of Akira's customers that are in the lost stage and interested in hardware. Can you delete them from the crm?"", ""worker_responses"": [""[customer_relationship_manager] APIStatusError: Error code: 402 - {'error': {'message': 'Insufficient Balance', 'type': 'unknown_error', 'param': None, 'code': 'invalid_request_error'}}""], ""final_summary"": ""APIStatusError: Error code: 402 - {'error': {'message': 'Insufficient Balance', 'type': 'unknown_error', 'param': None, 'code': 'invalid_request_error'}}""}",""
"I think there's a few customers that haven't responded to a proposal for the software product in 3 weeks. Can you move them to lost in the crm?","[]","{""query"": ""I think there's a few customers that haven't responded to a proposal for the software product in 3 weeks. Can you move them to lost in the crm?"", ""worker_responses"": [""[customer_relationship_manager] APIStatusError: Error code: 402 - {'error': {'message': 'Insufficient Balance', 'type': 'unknown_error', 'param': None, 'code': 'invalid_request_error'}}""], ""final_summary"": ""APIStatusError: Error code: 402 - {'error': {'message': 'Insufficient Balance', 'type': 'unknown_error', 'param': None, 'code': 'invalid_request_error'}}""}",""
"I think there's a few customers that haven't responded to a proposal for the software product in 6 weeks. Can you move them to lost in the crm?","[]","{""query"": ""I think there's a few customers that haven't responded to a proposal for the software product in 6 weeks. Can you move them to lost in the crm?"", ""worker_responses"": [""[customer_relationship_manager] APIStatusError: Error code: 402 - {'error': {'message': 'Insufficient Balance', 'type': 'unknown_error', 'param': None, 'code': 'invalid_request_error'}}""], ""final_summary"": ""APIStatusError: Error code: 402 - {'error': {'message': 'Insufficient Balance', 'type': 'unknown_error', 'param': None, 'code': 'invalid_request_error'}}""}",""
"Move all customers that haven't responded to a proposal for the services product in 5 weeks to lost in the crm","[]","{""query"": ""Move all customers that haven't responded to a proposal for the services product in 5 weeks to lost in the crm"", ""worker_responses"": [""[customer_relationship_manager] APIStatusError: Error code: 402 - {'error': {'message': 'Insufficient Balance', 'type': 'unknown_error', 'param': None, 'code': 'invalid_request_error'}}""], ""final_summary"": ""APIStatusError: Error code: 402 - {'error': {'message': 'Insufficient Balance', 'type': 'unknown_error', 'param': None, 'code': 'invalid_request_error'}}""}",""
"I think there's a few customers that haven't responded to a proposal for the consulting product in 4 weeks. Can you move them to lost in the crm?","[]","{""query"": ""I think there's a few customers that haven't responded to a proposal for the consulting product in 4 weeks. Can you move them to lost in the crm?"", ""worker_responses"": [""[customer_relationship_manager] APIStatusError: Error code: 402 - {'error': {'message': 'Insufficient Balance', 'type': 'unknown_error', 'param': None, 'code': 'invalid_request_error'}}""], ""final_summary"": ""APIStatusError: Error code: 402 - {'error': {'message': 'Insufficient Balance', 'type': 'unknown_error', 'param': None, 'code': 'invalid_request_error'}}""}",""
"I think there's a few customers that haven't responded to a proposal for the hardware product in 6 weeks. Can you move them to lost in the crm?","[]","{""query"": ""I think there's a few customers that haven't responded to a proposal for the hardware product in 6 weeks. Can you move them to lost in the crm?"", ""worker_responses"": [""[customer_relationship_manager] APIStatusError: Error code: 402 - {'error': {'message': 'Insufficient Balance', 'type': 'unknown_error', 'param': None, 'code': 'invalid_request_error'}}""], ""final_summary"": ""APIStatusError: Error code: 402 - {'error': {'message': 'Insufficient Balance', 'type': 'unknown_error', 'param': None, 'code': 'invalid_request_error'}}""}",""
"We need to move all customers that haven't responded to a proposal for the hardware product in 4 weeks to lost. Can you update the CRM?","[]","{""query"": ""We need to move all customers that haven't responded to a proposal for the hardware product in 4 weeks to lost. Can you update the CRM?"", ""worker_responses"": [""[customer_relationship_manager] APIStatusError: Error code: 402 - {'error': {'message': 'Insufficient Balance', 'type': 'unknown_error', 'param': None, 'code': 'invalid_request_error'}}""], ""final_summary"": ""APIStatusError: Error code: 402 - {'error': {'message': 'Insufficient Balance', 'type': 'unknown_error', 'param': None, 'code': 'invalid_request_error'}}""}",""
"Move all customers that haven't responded to a proposal for the consulting product in 6 weeks to lost in the crm","[]","{""query"": ""Move all customers that haven't responded to a proposal for the consulting product in 6 weeks to lost in the crm"", ""worker_responses"": [""[customer_relationship_manager] APIStatusError: Error code: 402 - {'error': {'message': 'Insufficient Balance', 'type': 'unknown_error', 'param': None, 'code': 'invalid_request_error'}}""], ""final_summary"": ""APIStatusError: Error code: 402 - {'error': {'message': 'Insufficient Balance', 'type': 'unknown_error', 'param': None, 'code': 'invalid_request_error'}}""}",""
"We need to move all customers that haven't responded to a proposal for the software product in 6 weeks to lost. Can you update the CRM?","[]","{""query"": ""We need to move all customers that haven't responded to a proposal for the software product in 6 weeks to lost. Can you update the CRM?"", ""worker_responses"": [""[customer_relationship_manager] APIStatusError: Error code: 402 - {'error': {'message': 'Insufficient Balance', 'type': 'unknown_error', 'param': None, 'code': 'invalid_request_error'}}""], ""final_summary"": ""APIStatusError: Error code: 402 - {'error': {'message': 'Insufficient Balance', 'type': 'unknown_error', 'param': None, 'code': 'invalid_request_error'}}""}",""
"We need to move all customers that haven't responded to a proposal for the hardware product in 5 weeks to lost. Can you update the CRM?","[]","{""query"": ""We need to move all customers that haven't responded to a proposal for the hardware product in 5 weeks to lost. Can you update the CRM?"", ""worker_responses"": [""[customer_relationship_manager] APIStatusError: Error code: 402 - {'error': {'message': 'Insufficient Balance', 'type': 'unknown_error', 'param': None, 'code': 'invalid_request_error'}}""], ""final_summary"": ""APIStatusError: Error code: 402 - {'error': {'message': 'Insufficient Balance', 'type': 'unknown_error', 'param': None, 'code': 'invalid_request_error'}}""}",""
"Move all customers that haven't responded to a proposal for the consulting product in 5 weeks to lost in the crm","[]","{""query"": ""Move all customers that haven't responded to a proposal for the consulting product in 5 weeks to lost in the crm"", ""worker_responses"": [""[customer_relationship_manager] APIStatusError: Error code: 402 - {'error': {'message': 'Insufficient Balance', 'type': 'unknown_error', 'param': None, 'code': 'invalid_request_error'}}""], ""final_summary"": ""APIStatusError: Error code: 402 - {'error': {'message': 'Insufficient Balance', 'type': 'unknown_error', 'param': None, 'code': 'invalid_request_error'}}""}",""
